Program,Start date,End date,Days,Time,Format,Instructor,Status,Notes
DUI Risk Reduction (RRP),10/2/2026,10/4/2026,Fri-Sun (Weekend),6:00 pm Fri,In person,Mike Oakes,Open,
DUI Risk Reduction (RRP),10/5/2026,10/9/2026,Mon-Fri (Weeknight),6:00 pm - 10:00 pm,In person,Jimmy Wood,Open,
DUI Risk Reduction (RRP),10/10/2026,10/12/2026,Sat-Mon (Weekend),9:00 am,In person,Mike Oakes,Open,
DUI Risk Reduction (RRP),10/16/2026,10/18/2026,Fri-Sun (Weekend),9:00 am,In person,,Pending,Starts on Friday
Driver Improvement,10/3/2026,10/3/2026,Saturday,10:00 am - 5:00 pm,In person,,Open,Call to register
Driver Improvement,10/10/2026,10/10/2026,Saturday,10:00 am - 5:00 pm,In person,,Open,Call to register
Driver Improvement,10/13/2026,10/14/2026,Tue & Wed,6:00 pm - 9:00 pm,In person,,Open,Call to register
Driver Improvement,10/17/2026,10/17/2026,Saturday,10:00 am - 5:00 pm,In person,,Open,Call to register
Driver Improvement,10/20/2026,10/22/2026,Tue - Thu,6:00 pm - 9:00 pm,In person,,Open,Call to register
Driver Improvement,10/24/2026,10/24/2026,Saturday,10:00 am - 5:00 pm,In person,,Open,Call to register
Driver Improvement,10/27/2026,10/29/2026,Tue & Thu,6:00 pm - 9:00 pm,In person,,Open,Call to register
Driver Improvement,11/3/2026,11/5/2026,Tue & Thu,6:00 pm - 9:00 pm,In person,,Open,Call to register
Driver Improvement,11/7/2026,11/7/2026,Saturday,10:00 am - 5:00 pm,In person,,Open,Call to register
Driver Improvement,11/10/2026,11/12/2026,Tue & Thu,6:00 pm - 9:00 pm,In person,,Open,Call to register
